symbol,Name,LastSale,MarketCap,IPOyear,Sector,industry,Summary Quote
XXII,"22nd Century Group, Inc",0.935,$84.8M,n/a,Consumer Non-Durables,Farming/Seeds/Milling,http://www.nasdaq.com/symbol/xxii
FAX,Aberdeen Asia-Pacific Income Fund Inc,4.71,$1.21B,1986,n/a,n/a,http://www.nasdaq.com/symbol/fax
IAF,Aberdeen Australia Equity Fund Inc,5.78,$131.6M,n/a,n/a,n/a,http://www.nasdaq.com/symbol/iaf
CH,"Aberdeen Chile Fund, Inc.",6.16,$57.82M,n/a,n/a,n/a,http://www.nasdaq.com/symbol/ch
ABE           ,Aberdeen Emerging Markets Smaller Company Opportunities Fund I,11.2686,$109.06M,n/a,n/a,n/a,http://www.nasdaq.com/symbol/abe
FCO,"Aberdeen Global Income Fund, Inc.",7.86,$68.89M,1992,n/a,n/a,http://www.nasdaq.com/symbol/fco
IF,"Aberdeen Indonesia Fund, Inc.",6.23,$58.57M,1990,n/a,n/a,http://www.nasdaq.com/symbol/if
ISL,"Aberdeen Israel Fund, Inc.",16.07,$64.25M,1992,n/a,n/a,http://www.nasdaq.com/symbol/isl
ACU,Acme United Corporation.,21.79,$72.45M,1988,Capital Goods,Industrial Machinery/Components,http://www.nasdaq.com/symbol/acu
AIII,"ACRE Realty Investors, Inc.",1.06,$21.69M,n/a,Consumer Services,Real Estate Investment Trusts,http://www.nasdaq.com/symbol/aiii
ATNM,"Actinium Pharmaceuticals, Inc.",0.98,$54.63M,n/a,Health Care,Major Pharmaceuticals,http://www.nasdaq.com/symbol/atnm
AE,"Adams Resources & Energy, Inc.",40.08,$169.04M,n/a,Energy,Oil Refining/Marketing,http://www.nasdaq.com/symbol/ae
ADK,Adcare Health Systems Inc,1.55,$30.9M,n/a,Health Care,Hospital/Nursing Management,http://www.nasdaq.com/symbol/adk
ADK^A,Adcare Health Systems Inc,21.7515,n/a,n/a,n/a,n/a,http://www.nasdaq.com/symbol/adk^a
ACY,AeroCentury Corp.,9.245,$14.48M,n/a,Technology,Diversified Commercial Services,http://www.nasdaq.com/symbol/acy
WGA,"AG&E Holdings, Inc.",0.1751,$2.04M,n/a,Technology,Radio And Television Broadcasting And Communications Equipment,http://www.nasdaq.com/symbol/wga
AIRI,Air Industries Group,3.11,$23.58M,n/a,Capital Goods,Military/Government/Technical,http://www.nasdaq.com/symbol/airi
AXU,Alexco Resource Corp,1.3,$120.44M,n/a,Basic Industries,Precious Metals,http://www.nasdaq.com/symbol/axu
AAU,"Almaden Minerals, Ltd.",1.06,$91.36M,2015,Basic Industries,Precious Metals,http://www.nasdaq.com/symbol/aau
APT,"Alpha Pro Tech, Ltd.",3.45,$56.24M,n/a,Health Care,Industrial Specialties,http://www.nasdaq.com/symbol/apt
AAMC,Altisource Asset Management Corp,27.6,$43.6M,n/a,Finance,Real Estate,http://www.nasdaq.com/symbol/aamc
DIT,AMCON Distributing Company,95.5,$65.9M,n/a,Consumer Non-Durables,Food Distributors,http://www.nasdaq.com/symbol/dit
ADGE,American DG Energy Inc.,0.3283,$16.64M,n/a,Public Utilities,Power Generation,http://www.nasdaq.com/symbol/adge
AFCO,American Farmland Company,7.39,$144.91M,2015,Consumer Services,Real Estate Investment Trusts,http://www.nasdaq.com/symbol/afco
ALN,American Lorain Corporation,0.67,$25.64M,n/a,Consumer Non-Durables,Packaged Foods,http://www.nasdaq.com/symbol/aln
AMS,American Shared Hospital Services,3.4,$18.25M,n/a,Health Care,Medical Specialities,http://www.nasdaq.com/symbol/ams
AMPE,"Ampio Pharmaceuticals, Inc.",0.743,$42.48M,n/a,Health Care,Major Pharmaceuticals,http://www.nasdaq.com/symbol/ampe
APHB,AmpliPhi Biosciences Corporation,0.49,$5.45M,n/a,Health Care,Biotechnology: Biological Products (No Diagnostic Substances),http://www.nasdaq.com/symbol/aphb
AXN,"Aoxing Pharmaceutical Company, Inc.",0.407,$31.02M,n/a,Health Care,Major Pharmaceuticals,http://www.nasdaq.com/symbol/axn
ARNC^,Arconic Inc.,87.9999,n/a,n/a,n/a,n/a,http://www.nasdaq.com/symbol/arnc^
HRT,Arrhythmia Research Technology Inc.,4.03,$11.35M,n/a,Health Care,Biotechnology: Electromedical & Electrotherapeutic Apparatus,http://www.nasdaq.com/symbol/hrt
AKG,Asanko Gold Inc.,3.3,$666.04M,n/a,Basic Industries,Mining & Quarrying of Nonmetallic Minerals (No Fuels),http://www.nasdaq.com/symbol/akg
AINC,Ashford Inc.,44.5,$89.69M,2014,Consumer Services,Professional Services,http://www.nasdaq.com/symbol/ainc
ASB.WS,Associated Banc-Corp,n/a,n/a,n/a,n/a,n/a,http://www.nasdaq.com/symbol/asb.ws
AST,"Asterias Biotherapeutics, Inc.",4.15,$192.65M,n/a,Health Care,Biotechnology: Biological Products (No Diagnostic Substances),http://www.nasdaq.com/symbol/ast
AST.WS,"Asterias Biotherapeutics, Inc.",n/a,n/a,n/a,n/a,n/a,http://www.nasdaq.com/symbol/ast.ws
AWX,Avalon Holdings Corporation,3.2175,$12.24M,n/a,Public Utilities,Environmental Services,http://www.nasdaq.com/symbol/awx
ASM,Avino Silver,1.32,$59.73M,n/a,Basic Industries,Precious Metals,http://www.nasdaq.com/symbol/asm
BTG,B2Gold Corp,2.42,$2.31B,n/a,Basic Industries,Precious Metals,http://www.nasdaq.com/symbol/btg
BTN,"Ballantyne Strong, Inc",7.05,$100.47M,n/a,Miscellaneous,Industrial Machinery/Components,http://www.nasdaq.com/symbol/btn
BKJ,"Bancorp of New Jersey, Inc",11.65,$73.58M,n/a,Finance,Major Banks,http://www.nasdaq.com/symbol/bkj
BCV,Bancroft Fund Limited,20.0837,$103.05M,n/a,n/a,n/a,http://www.nasdaq.com/symbol/bcv
BCV^A,Bancroft Fund Limited,24.25,n/a,n/a,n/a,n/a,http://www.nasdaq.com/symbol/bcv^a
BAA,BANRO CORPORATION,0.1999,$60.47M,n/a,Basic Industries,Precious Metals,http://www.nasdaq.com/symbol/baa
BHB,"Bar Harbor Bankshares, Inc.",44.35,$268.59M,n/a,Finance,Major Banks,http://www.nasdaq.com/symbol/bhb
BRN,"Barnwell Industries, Inc.",1.73,$14.32M,n/a,Energy,Oil & Gas Production,http://www.nasdaq.com/symbol/brn
BGSF,BG Staffing Inc,14,$121.36M,n/a,Technology,Professional Services,http://www.nasdaq.com/symbol/bgsf
BPMX,BioPharmX Corporation,0.31,$10.2M,2015,Health Care,Major Pharmaceuticals,http://www.nasdaq.com/symbol/bpmx
BTX,"BioTime, Inc.",3.24,$334.99M,n/a,Health Care,Biotechnology: Biological Products (No Diagnostic Substances),http://www.nasdaq.com/symbol/btx
BTX.WS,"BioTime, Inc.",n/a,n/a,n/a,n/a,n/a,http://www.nasdaq.com/symbol/btx.ws
BGI,Birks Group Inc.,1.129,$20.28M,n/a,Consumer Services,Consumer Specialties,http://www.nasdaq.com/symbol/bgi
BZM,BlackRock Maryland Municipal Bond Trust,14.08,$29.28M,2002,n/a,n/a,http://www.nasdaq.com/symbol/bzm
MHE,BlackRock Massachusetts Tax-Exempt Trust,12.6999,$30.06M,1993,n/a,n/a,http://www.nasdaq.com/symbol/mhe
BLE,BlackRock Municipal Income Trust II,14.14,$332.15M,2002,n/a,n/a,http://www.nasdaq.com/symbol/ble
BLJ,Blackrock New Jersey Municipal Bond Trust,14.56,$33.88M,2002,n/a,n/a,http://www.nasdaq.com/symbol/blj
BFY,BlackRock New York Municipal Income Trust II,14.1,$70.57M,2002,n/a,n/a,http://www.nasdaq.com/symbol/bfy
BHV,BlackRock Virginia Municipal Bond Trust,16.62,$26.55M,2002,n/a,n/a,http://www.nasdaq.com/symbol/bhv
BDR,"Blonder Tongue Laboratories, Inc.",0.4802,$3.89M,n/a,Technology,Radio And Television Broadcasting And Communications Equipment,http://www.nasdaq.com/symbol/bdr
BRG,"Bluerock Residential Growth REIT, Inc.",12.22,$239.11M,2014,Consumer Services,Real Estate Investment Trusts,http://www.nasdaq.com/symbol/brg
BRG^A,"Bluerock Residential Growth REIT, Inc.",25.383,n/a,n/a,n/a,n/a,http://www.nasdaq.com/symbol/brg^a
BRG^C,"Bluerock Residential Growth REIT, Inc.",24.65,n/a,n/a,n/a,n/a,http://www.nasdaq.com/symbol/brg^c
BRG^D,"Bluerock Residential Growth REIT, Inc.",22.61,n/a,n/a,n/a,n/a,http://www.nasdaq.com/symbol/brg^d
BVX,Bovie Medical Corporation,4.05,$117.44M,n/a,Health Care,Medical/Dental Instruments,http://www.nasdaq.com/symbol/bvx
BWL.A,"Bowl America, Inc.",n/a,n/a,n/a,n/a,n/a,http://www.nasdaq.com/symbol/bwl.a
BTI,British American Tobacco p.l.c.,108.54,$101.18B,n/a,Consumer Non-Durables,Farming/Seeds/Milling,http://www.nasdaq.com/symbol/bti
CANF,Can-Fite Biopharma Ltd,2.15,$30.27M,n/a,Health Care,Major Pharmaceuticals,http://www.nasdaq.com/symbol/canf
ROX,"Castle Brands, Inc.",0.7414,$119.34M,2006,Consumer Non-Durables,Beverages (Production/Distribution),http://www.nasdaq.com/symbol/rox
CAW,"CCA Industries, Inc.",2.545,$17.83M,n/a,Consumer Non-Durables,Package Goods/Cosmetics,http://www.nasdaq.com/symbol/caw
CVM,Cel-Sci Corporation,0.1793,$26.06M,n/a,Health Care,Biotechnology: Biological Products (No Diagnostic Substances),http://www.nasdaq.com/symbol/cvm
CVM.WS,Cel-Sci Corporation,n/a,n/a,n/a,n/a,n/a,http://www.nasdaq.com/symbol/cvm.ws
CEF,Central Fund of Canada Limited,11.7,$2.98B,n/a,n/a,n/a,http://www.nasdaq.com/symbol/cef
CET,Central Securities Corporation,21.28,$521.5M,n/a,n/a,n/a,http://www.nasdaq.com/symbol/cet
LEU,Centrus Energy Corp.,6.11,$54.99M,2014,Basic Industries,Mining & Quarrying of Nonmetallic Minerals (No Fuels),http://www.nasdaq.com/symbol/leu
CCF,Chase Corporation,79.45,$740.66M,n/a,Consumer Durables,Building Products,http://www.nasdaq.com/symbol/ccf
CQH,"Cheniere Energy Partners LP Holdings, LLC",21.65,$5.02B,2013,Public Utilities,Oil/Gas Transmission,http://www.nasdaq.com/symbol/cqh
CQP,"Cheniere Energy Partners, LP",29,$9.8B,2007,Public Utilities,Oil/Gas Transmission,http://www.nasdaq.com/symbol/cqp
LNG,"Cheniere Energy, Inc.",41.29,$9.7B,n/a,Public Utilities,Oil/Gas Transmission,http://www.nasdaq.com/symbol/lng
CVR,Chicago Rivet & Machine Co.,34.92,$33.74M,n/a,Technology,Industrial Machinery/Components,http://www.nasdaq.com/symbol/cvr
CPHI,"China Pharma Holdings, Inc.",0.1924,$8.38M,n/a,Health Care,Major Pharmaceuticals,http://www.nasdaq.com/symbol/cphi
CKX,"CKX Lands, Inc.",10.6167,$20.62M,n/a,Energy,Oil & Gas Production,http://www.nasdaq.com/symbol/ckx
GLV,Clough Global Dividend and Income Fund,11.92,$123.88M,2004,n/a,n/a,http://www.nasdaq.com/symbol/glv
GLQ,Clough Global Equity Fund,10.8601,$191.72M,2005,n/a,n/a,http://www.nasdaq.com/symbol/glq
GLO,Clough Global Opportunities Fund,8.83,$455.4M,2006,n/a,n/a,http://www.nasdaq.com/symbol/glo
MOC,Command Security Corporation,2.66,$26.18M,n/a,Consumer Services,Diversified Commercial Services,http://www.nasdaq.com/symbol/moc
CIX,CompX International Inc.,12.7,$157.72M,1998,Capital Goods,Industrial Machinery/Components,http://www.nasdaq.com/symbol/cix
LODE,"Comstock Mining, Inc.",0.2265,$41.79M,n/a,Basic Industries,Precious Metals,http://www.nasdaq.com/symbol/lode
CTO,Consolidated-Tomoka Land Co.,53.5,$307.07M,n/a,Finance,Real Estate,http://www.nasdaq.com/symbol/cto
MCF,Contango Oil & Gas Company,9.54,$241M,n/a,Energy,Oil & Gas Production,http://www.nasdaq.com/symbol/mcf
CUO,Continental Materials Corporation,24.2,$40.44M,n/a,Capital Goods,Building Materials,http://www.nasdaq.com/symbol/cuo
CMT,Core Molding Technologies Inc,16.59,$129.26M,n/a,Consumer Non-Durables,Plastic Products,http://www.nasdaq.com/symbol/cmt
CVRS,"Corindus Vascular Robotics, Inc.",0.7045,$83.85M,2015,Health Care,Medical/Dental Instruments,http://www.nasdaq.com/symbol/cvrs
CRMD,CorMedix Inc,1.71,$69.13M,n/a,Health Care,Major Pharmaceuticals,http://www.nasdaq.com/symbol/crmd
CRF,"Cornerstone Strategic Return Fund, Inc. (The)",15.02,$116.59M,n/a,n/a,n/a,http://www.nasdaq.com/symbol/crf
CLM,"Cornerstone Strategic Value Fund, Inc.",15.3,$331.13M,1987,n/a,n/a,http://www.nasdaq.com/symbol/clm
CVU,"CPI Aerostructures, Inc.",6.9,$60.28M,n/a,Capital Goods,Military/Government/Technical,http://www.nasdaq.com/symbol/cvu
CIK,"Credit Suisse Asset Management Income Fund, Inc.",3.09,$161.53M,n/a,n/a,n/a,http://www.nasdaq.com/symbol/cik
DHY,Credit Suisse High Yield Bond Fund,2.46,$245.77M,1998,n/a,n/a,http://www.nasdaq.com/symbol/dhy
CRHM,CRH Medical Corporation,5.4,$390.56M,2015,Health Care,Medical/Dental Instruments,http://www.nasdaq.com/symbol/crhm
CRVP,"Crystal Rock Holdings, Inc.",0.82,$17.51M,n/a,Consumer Non-Durables,Food Distributors,http://www.nasdaq.com/symbol/crvp
DXR,Daxor Corporation,9,$34.43M,n/a,Health Care,Medical/Dental Instruments,http://www.nasdaq.com/symbol/dxr
VCF,"Delaware Investments Colorado Municipal Income Fund, Inc",15.01,$72.6M,1993,n/a,n/a,http://www.nasdaq.com/symbol/vcf
VFL,Delaware Investments Florida Insured Municipal Income Fund,12.7501,$57.74M,1993,n/a,n/a,http://www.nasdaq.com/symbol/vfl
VMM,"Delaware Investments Minnesota Municipal Income Fund II, Inc.",13.48,$155.09M,1993,n/a,n/a,http://www.nasdaq.com/symbol/vmm
DLA,"Delta Apparel, Inc.",21.15,$163.14M,n/a,Consumer Non-Durables,Apparel,http://www.nasdaq.com/symbol/dla
DNN,Denison Mine Corp,0.4431,$236.36M,n/a,Basic Industries,Precious Metals,http://www.nasdaq.com/symbol/dnn
DGSE,"DGSE Companies, Inc.",0.9373,$11.61M,n/a,Consumer Services,Consumer Specialties,http://www.nasdaq.com/symbol/dgse
DPW,Digital Power Corporation,0.62,$4.76M,n/a,Capital Goods,Industrial Machinery/Components,http://www.nasdaq.com/symbol/dpw
DSS,"Document Security Systems, Inc.",0.6956,$9.03M,n/a,Consumer Durables,Containers/Packaging,http://www.nasdaq.com/symbol/dss
DMF,"Dreyfus Municipal Income, Inc.",8.46,$175.38M,1988,n/a,n/a,http://www.nasdaq.com/symbol/dmf
GRF,"Eagle Capital Growth Fund, Inc.",7.63,$24.9M,n/a,n/a,n/a,http://www.nasdaq.com/symbol/grf
ESTE,"Earthstone Energy, Inc.",15.21,$339.02M,n/a,Energy,Oil & Gas Production,http://www.nasdaq.com/symbol/este
EVM,Eaton Vance California Municipal Bond Fund,11.12,$237.91M,2002,n/a,n/a,http://www.nasdaq.com/symbol/evm
EIA,Eaton Vance California Municipal Bond Fund II,11.47,$44.58M,2002,n/a,n/a,http://www.nasdaq.com/symbol/eia
CEV,Eaton Vance California Municipal Income Trust,12.07,$87.56M,1999,n/a,n/a,http://www.nasdaq.com/symbol/cev
EVV,Eaton Vance Limited Duration Income Fund,13.23,$1.54B,2003,n/a,n/a,http://www.nasdaq.com/symbol/evv
MAB,Eaton Vance Massachusetts Municipal Bond Fund,13.3,$23.52M,2002,n/a,n/a,http://www.nasdaq.com/symbol/mab
MMV,Eaton Vance Massachusetts Municipal Income Trust,13.12,$35.91M,1999,n/a,n/a,http://www.nasdaq.com/symbol/mmv
MIW,Eaton Vance Michigan Municipal Bond Fund,13.4262,$20.14M,2002,n/a,n/a,http://www.nasdaq.com/symbol/miw
EMI,Eaton Vance Michigan Municipal Income Trust,12.77,$25.71M,1999,n/a,n/a,http://www.nasdaq.com/symbol/emi
EIM,Eaton Vance Municipal Bond Fund,12.05,$821.43M,2002,n/a,n/a,http://www.nasdaq.com/symbol/eim
EIV,Eaton Vance Municipal Bond Fund II,12.02,$120.36M,2002,n/a,n/a,http://www.nasdaq.com/symbol/eiv
EMJ,Eaton Vance New Jersey Municipal Bond Fund,12.77,$32.94M,2002,n/a,n/a,http://www.nasdaq.com/symbol/emj
EVJ,Eaton Vance New Jersey Municipal Income Trust,11.91,$54.76M,1999,n/a,n/a,http://www.nasdaq.com/symbol/evj
ENX,Eaton Vance New York Municipal Bond Fund,12.12,$189.82M,2002,n/a,n/a,http://www.nasdaq.com/symbol/enx
NYH,Eaton Vance New York Municipal Bond Fund II,11.6,$29.66M,2002,n/a,n/a,http://www.nasdaq.com/symbol/nyh
EVY,Eaton Vance New York Municipal Income Trust,12.81,$70.14M,1999,n/a,n/a,http://www.nasdaq.com/symbol/evy
EIO,Eaton Vance Ohio Municipal Bond Fund,13.4417,$34.1M,2002,n/a,n/a,http://www.nasdaq.com/symbol/eio
EVO,Eaton Vance Ohio Municipal Income Trust,13.73,$39.23M,1999,n/a,n/a,http://www.nasdaq.com/symbol/evo
EIP,Eaton Vance Pennsylvania Municipal Bond Fund,12.7,$37.59M,2002,n/a,n/a,http://www.nasdaq.com/symbol/eip
EVP,Eaton Vance Pennsylvania Municipal Income Trust,12.24,$31.84M,1999,n/a,n/a,http://www.nasdaq.com/symbol/evp
ELMD,"Electromed, Inc.",3.83,$31.47M,2011,Health Care,Biotechnology: Electromedical & Electrotherapeutic Apparatus,http://www.nasdaq.com/symbol/elmd
ELLO,Ellomay Capital Ltd.,7.08,$75.61M,n/a,Public Utilities,Electric Utilities: Central,http://www.nasdaq.com/symbol/ello
ECF,Ellsworth Growth and Income Fund Ltd.,7.98,$104.62M,1986,n/a,n/a,http://www.nasdaq.com/symbol/ecf
EMAN,eMagin Corporation,2.15,$67.99M,n/a,Technology,Semiconductors,http://www.nasdaq.com/symbol/eman
MSN,Emerson Radio Corporation,0.7938,$21.54M,n/a,Consumer Non-Durables,Consumer Electronics/Appliances,http://www.nasdaq.com/symbol/msn
UUUU,Energy Fuels Inc,1.41,$93.96M,n/a,Basic Industries,Mining & Quarrying of Nonmetallic Minerals (No Fuels),http://www.nasdaq.com/symbol/uuuu
ENRJ,"EnerJex Resources, Inc.",0.319,$2.69M,n/a,Energy,Oil & Gas Production,http://www.nasdaq.com/symbol/enrj
ENSV,ENSERVCO Corporation,0.74,$28.22M,n/a,Energy,Oilfield Services/Equipment,http://www.nasdaq.com/symbol/ensv
ESNC,"EnSync, Inc.",0.8834,$42.27M,n/a,Public Utilities,Electric Utilities: Central,http://www.nasdaq.com/symbol/esnc
EGI,Entree Gold Inc,0.3202,$49.01M,n/a,Basic Industries,Precious Metals,http://www.nasdaq.com/symbol/egi
EVI,"EnviroStarm, Inc.",13.65,$136.23M,n/a,Consumer Services,Other Consumer Services,http://www.nasdaq.com/symbol/evi
ERN,Erin Energy Corp.,2.1,$446.64M,n/a,Energy,Oil & Gas Production,http://www.nasdaq.com/symbol/ern
ESP,Espey Mfg. & Electronics Corp.,26.2,$61.95M,n/a,Capital Goods,Industrial Machinery/Components,http://www.nasdaq.com/symbol/esp
EMXX,Eurasian Minerals Inc.,0.9558,$70.81M,n/a,Basic Industries,Precious Metals,http://www.nasdaq.com/symbol/emxx
EVBN,"Evans Bancorp, Inc.",33.75,$144.86M,n/a,Finance,Major Banks,http://www.nasdaq.com/symbol/evbn
EPM,"Evolution Petroleum Corporation, Inc.",9.35,$308.98M,n/a,Energy,Oil & Gas Production,http://www.nasdaq.com/symbol/epm
XRA,Exeter Resource Corporation,0.7404,$65.64M,n/a,Basic Industries,Mining & Quarrying of Nonmetallic Minerals (No Fuels),http://www.nasdaq.com/symbol/xra
FPP,FieldPoint Petroleum Corporation,0.6247,$6.11M,n/a,Energy,Oil & Gas Production,http://www.nasdaq.com/symbol/fpp
FPP.WS,FieldPoint Petroleum Corporation,n/a,n/a,n/a,n/a,n/a,http://www.nasdaq.com/symbol/fpp.ws
FEN,First Trust Energy Income and Growth Fund,25.71,$497.62M,2004,n/a,n/a,http://www.nasdaq.com/symbol/fen
BDL,"Flanigan&#39;s Enterprises, Inc.",23.5353,$43.74M,n/a,Consumer Services,Restaurants,http://www.nasdaq.com/symbol/bdl
FSI,Flexible Solutions International Inc.,1.42,$16.26M,n/a,Basic Industries,Major Chemicals,http://www.nasdaq.com/symbol/fsi
FTF,Franklin Limited Duration Income Trust,11.75,$315.32M,2003,n/a,n/a,http://www.nasdaq.com/symbol/ftf
FSP,Franklin Street Properties Corp.,12.39,$1.33B,n/a,Consumer Services,Real Estate Investment Trusts,http://www.nasdaq.com/symbol/fsp
FRD,Friedman Industries Inc.,5.6,$38.08M,n/a,Capital Goods,Steel/Iron Ore,http://www.nasdaq.com/symbol/frd
GGN,"GAMCO Global Gold, Natural Reources & Income Trust ",5.62,$672.03M,2005,n/a,n/a,http://www.nasdaq.com/symbol/ggn
GGN^B,"GAMCO Global Gold, Natural Reources & Income Trust ",23.67,n/a,n/a,n/a,n/a,http://www.nasdaq.com/symbol/ggn^b
EGAS,Gas Natural Inc.,12.45,$130.97M,n/a,Public Utilities,Oil/Gas Transmission,http://www.nasdaq.com/symbol/egas
GST,Gastar Exploration Inc.,1.32,$173.87M,n/a,Energy,Oil & Gas Production,http://www.nasdaq.com/symbol/gst
GST^A,Gastar Exploration Inc.,15.4,n/a,n/a,n/a,n/a,http://www.nasdaq.com/symbol/gst^a
GST^B,Gastar Exploration Inc.,16.77,n/a,n/a,n/a,n/a,http://www.nasdaq.com/symbol/gst^b
JOB,GEE Group Inc.,4.85,$45.49M,n/a,Technology,Diversified Commercial Services,http://www.nasdaq.com/symbol/job
GMO,"General Moly, Inc",0.27,$24.55M,n/a,Basic Industries,Precious Metals,http://www.nasdaq.com/symbol/gmo
GIG,"GigPeak, Inc.",2.55,$172.73M,n/a,Technology,Semiconductors,http://www.nasdaq.com/symbol/gig
GSB,"GlobalSCAPE, Inc.",3.78,$79.93M,n/a,Technology,Computer Software: Prepackaged Software,http://www.nasdaq.com/symbol/gsb
GSAT,"Globalstar, Inc.",0.7707,$833.65M,2006,Consumer Services,Telecommunications Equipment,http://www.nasdaq.com/symbol/gsat
GLOW,"Glowpoint, Inc.",0.2646,$9.65M,n/a,Public Utilities,Telecommunications Equipment,http://www.nasdaq.com/symbol/glow
GORO,Gold Resource Corporation,4.44,$251.16M,n/a,Basic Industries,Precious Metals,http://www.nasdaq.com/symbol/goro
GSV,Gold Standard Ventures Corporation,2.29,$507.27M,n/a,Basic Industries,Mining & Quarrying of Nonmetallic Minerals (No Fuels),http://www.nasdaq.com/symbol/gsv
AUMN,Golden Minerals Company,0.7001,$62.25M,n/a,Basic Industries,Precious Metals,http://www.nasdaq.com/symbol/aumn
GSS,"Golden Star Resources, Ltd",0.8222,$270.29M,n/a,Basic Industries,Precious Metals,http://www.nasdaq.com/symbol/gss
GV,Goldfield Corporation (The),4.05,$103.08M,n/a,Basic Industries,Water Supply,http://www.nasdaq.com/symbol/gv
GRC,Gorman-Rupp Company (The),30.09,$785.08M,n/a,Capital Goods,Fluid Controls,http://www.nasdaq.com/symbol/grc
GTE,Gran Tierra Energy Inc.,2.91,$1.14B,n/a,Energy,Oil & Gas Production,http://www.nasdaq.com/symbol/gte
GPL,Great Panther Silver Limited,1.49,$247.9M,n/a,Basic Industries,Precious Metals,http://www.nasdaq.com/symbol/gpl
SIM,"Grupo Simec, S.A. de C.V.",11.08,$1.84B,1993,Basic Industries,Steel/Iron Ore,http://www.nasdaq.com/symbol/sim
GVP,"GSE Systems, Inc.",2.95,$55.11M,n/a,Technology,Computer Software: Prepackaged Software,http://www.nasdaq.com/symbol/gvp
HCHC,"HC2 Holdings, Inc.",4.79,$200.31M,n/a,Capital Goods,Metal Fabrications,http://www.nasdaq.com/symbol/hchc
HEB,"Hemispherx BioPharma, Inc.",0.8205,$19.78M,n/a,n/a,n/a,http://www.nasdaq.com/symbol/heb
HLM^,Hillman Group Capital Trust,32.5,n/a,n/a,n/a,n/a,http://www.nasdaq.com/symbol/hlm^
HMG,"HMG/Courtland Properties, Inc.",11.42,$11.45M,n/a,Consumer Services,Real Estate Investment Trusts,http://www.nasdaq.com/symbol/hmg
HH,"Hooper Holmes, Inc.",0.785,$7.93M,n/a,Health Care,Hospital/Nursing Management,http://www.nasdaq.com/symbol/hh
HUSA,Houston American Energy Corporation,0.168,$8.61M,n/a,Energy,Oil & Gas Production,http://www.nasdaq.com/symbol/husa
IBIO,"iBio, Inc.",0.43,$38.32M,n/a,Health Care,Major Pharmaceuticals,http://www.nasdaq.com/symbol/ibio
IBO,IBO (Listing Market - NYSE Amex Network B F),153.82,n/a,n/a,n/a,n/a,http://www.nasdaq.com/symbol/ibo
IEC,IEC Electronics Corp.,3.48,$35.75M,n/a,Technology,Electrical Products,http://www.nasdaq.com/symbol/iec
IMUC,"ImmunoCellular Therapeutics, Ltd.",2.68,$9.23M,n/a,Health Care,Major Pharmaceuticals,http://www.nasdaq.com/symbol/imuc
IMUC.WS,"ImmunoCellular Therapeutics, Ltd.",n/a,n/a,n/a,n/a,n/a,http://www.nasdaq.com/symbol/imuc.ws
IMH,"Impac Mortgage Holdings, Inc.",15,$240.24M,1997,Consumer Services,Real Estate Investment Trusts,http://www.nasdaq.com/symbol/imh
IMO,Imperial Oil Limited,34.02,$28.84B,n/a,Energy,Integrated oil Companies,http://www.nasdaq.com/symbol/imo
IOT,"Income Opportunity Realty Investors, Inc.",7.2,$30.01M,n/a,Consumer Services,Real Estate Investment Trusts,http://www.nasdaq.com/symbol/iot
IRT,"Independence Realty Trust, Inc.",8.31,$573.36M,2013,Consumer Services,Real Estate Investment Trusts,http://www.nasdaq.com/symbol/irt
IGC,India Globalization Capital Inc.,0.2098,$5.95M,n/a,Consumer Non-Durables,Electronic Components,http://www.nasdaq.com/symbol/igc
INFU,"InfuSystems Holdings, Inc.",1.75,$39.61M,n/a,Health Care,Medical/Dental Instruments,http://www.nasdaq.com/symbol/infu
IHT,InnSuites Hospitality Trust,2.1967,$20.56M,n/a,Consumer Services,Real Estate Investment Trusts,http://www.nasdaq.com/symbol/iht
NSPR,"InspireMD, Inc.",2.7,$3.87M,n/a,Health Care,Medical/Dental Instruments,http://www.nasdaq.com/symbol/nspr
NSPR.WS,"InspireMD, Inc.",n/a,n/a,n/a,n/a,n/a,http://www.nasdaq.com/symbol/nspr.ws
IFMI,"Institutional Financial Markets, Inc.",1.16,$14.02M,n/a,Finance,Investment Bankers/Brokers/Service,http://www.nasdaq.com/symbol/ifmi
IDN,"Intellicheck Mobilisa, Inc.",2.5,$26.41M,1999,Technology,Computer Software: Prepackaged Software,http://www.nasdaq.com/symbol/idn
INS,Intelligent Systems Corporation,4.2,$36.67M,1992,Technology,Computer Software: Prepackaged Software,http://www.nasdaq.com/symbol/ins
THM,International Tower Hill Mines Ltd,0.5701,$66.33M,n/a,Basic Industries,Precious Metals,http://www.nasdaq.com/symbol/thm
INTT,inTest Corporation,4.3,$44.62M,1997,Capital Goods,Electrical Products,http://www.nasdaq.com/symbol/intt
INUV,"Inuvo, Inc",1.18,$29.42M,n/a,Consumer Services,Advertising,http://www.nasdaq.com/symbol/inuv
VKI,Invesco Advantage Municipal Income Trust II,10.7,$474.99M,n/a,n/a,n/a,http://www.nasdaq.com/symbol/vki
ISR,"IsoRay, Inc.",0.55,$30.26M,n/a,Health Care,Medical/Dental Instruments,http://www.nasdaq.com/symbol/isr
ISDR,Issuer Direct Corporation,8.0862,$23.13M,n/a,Miscellaneous,Publishing,http://www.nasdaq.com/symbol/isdr
JRJR,"JRjr33, Inc.",0.825,$30.5M,2014,Consumer Services,Other Consumer Services,http://www.nasdaq.com/symbol/jrjr
KIQ,Kelso Technologies Inc,0.8894,$41.28M,n/a,Capital Goods,Railroads,http://www.nasdaq.com/symbol/kiq
KLDX,Klondex Mines Ltd.,4.86,$725.69M,n/a,Basic Industries,Precious Metals,http://www.nasdaq.com/symbol/kldx
LTS,Ladenburg Thalmann Financial Services Inc,2.42,$469.22M,n/a,Finance,Investment Bankers/Brokers/Service,http://www.nasdaq.com/symbol/lts
LTS^A,Ladenburg Thalmann Financial Services Inc,24.1181,n/a,n/a,n/a,n/a,http://www.nasdaq.com/symbol/lts^a
LAQ,"Latin America Equity Fund, Inc. (The)",19.4,$144.5M,1991,n/a,n/a,http://www.nasdaq.com/symbol/laq
LGL,"LGL Group, Inc. (The)",4.73,$12.6M,n/a,Capital Goods,Industrial Machinery/Components,http://www.nasdaq.com/symbol/lgl
LBY,"Libbey, Inc.",19.13,$417.87M,1993,Capital Goods,Industrial Machinery/Components,http://www.nasdaq.com/symbol/lby
LIQT,"LiqTech International, Inc.",0.6,$23.72M,n/a,Technology,Industrial Machinery/Components,http://www.nasdaq.com/symbol/liqt
LEI,"Lucas Energy, Inc.",1.6,$29.64M,n/a,Energy,Oil & Gas Production,http://www.nasdaq.com/symbol/lei
MCZ,Mad Catz Interactive Inc,0.1978,$14.53M,n/a,Consumer Non-Durables,Recreational Products/Toys,http://www.nasdaq.com/symbol/mcz
MAG,MAG Silver Corporation,12.38,$998.41M,n/a,Basic Industries,Precious Metals,http://www.nasdaq.com/symbol/mag
MJCO,Majesco,5.02,$183.16M,2015,Technology,Computer Software: Prepackaged Software,http://www.nasdaq.com/symbol/mjco
MSTX,"Mast Therapeutics, Inc.",0.0865,$20.61M,n/a,Health Care,Major Pharmaceuticals,http://www.nasdaq.com/symbol/mstx
MHH,"Mastech Digital, Inc",6.88,$30.76M,n/a,Consumer Services,Professional Services,http://www.nasdaq.com/symbol/mhh
IPB,"Merrill Lynch & Co., Inc.",26.8,n/a,n/a,Finance,Finance: Consumer Services,http://www.nasdaq.com/symbol/ipb
MXC,Mexco Energy Corporation,4.46,$9.09M,n/a,Energy,Oil & Gas Production,http://www.nasdaq.com/symbol/mxc
CCA,MFS California Insured Municipal Trust,11.25,$31.35M,1999,n/a,n/a,http://www.nasdaq.com/symbol/cca
MPO,"MIDSTATES PETROLEUM COMPANY, INC.",20.25,$500.17M,2016,Energy,Oil & Gas Production,http://www.nasdaq.com/symbol/mpo
MLSS,"Milestone Scientific, Inc.",1.7,$47.69M,2015,Health Care,Industrial Specialties,http://www.nasdaq.com/symbol/mlss
MGH,Minco Gold Corporation,0.18,$9.14M,n/a,Basic Industries,Precious Metals,http://www.nasdaq.com/symbol/mgh
MVF,"MuniVest Fund, Inc.",9.59,$617.05M,n/a,n/a,n/a,http://www.nasdaq.com/symbol/mvf
MZA,"MuniYield Arizona Fund, Inc.",13.95,$64.35M,1993,n/a,n/a,http://www.nasdaq.com/symbol/mza
NNVC,"NanoViricides, Inc.",1.12,$65.19M,n/a,Health Care,Biotechnology: Commercial Physical & Biological Resarch,http://www.nasdaq.com/symbol/nnvc
ATEST,NASDAQ TEST STOCK,25,n/a,n/a,n/a,n/a,http://www.nasdaq.com/symbol/atest
ATEST.A,NASDAQ TEST STOCK,n/a,n/a,n/a,n/a,n/a,http://www.nasdaq.com/symbol/atest.a
ATEST.B,NASDAQ TEST STOCK,n/a,n/a,n/a,n/a,n/a,http://www.nasdaq.com/symbol/atest.b
ATEST.C,NASDAQ TEST STOCK,n/a,n/a,n/a,n/a,n/a,http://www.nasdaq.com/symbol/atest.c
NHC,National HealthCare Corporation,68.64,$1.04B,n/a,Health Care,Hospital/Nursing Management,http://www.nasdaq.com/symbol/nhc
NAVB,"Navidea Biopharmaceuticals, Inc.",0.7231,$112.63M,n/a,Health Care,Biotechnology: In Vitro & In Vivo Diagnostic Substances,http://www.nasdaq.com/symbol/navb
NTIP,"Network-1 Technologies, Inc.",3.2,$74.65M,n/a,Technology,Computer Software: Prepackaged Software,http://www.nasdaq.com/symbol/ntip
NBW,Neuberger Berman California Intermediate Municipal Fund Inc.,14.05,$77.91M,2002,n/a,n/a,http://www.nasdaq.com/symbol/nbw
NHS,Neuberger Berman High Yield Strategies Fund,11.26,$220.03M,n/a,n/a,n/a,http://www.nasdaq.com/symbol/nhs
NBH,Neuberger Berman Intermediate Municipal Fund Inc.,14.81,$278.02M,2002,n/a,n/a,http://www.nasdaq.com/symbol/nbh
NML,Neuberger Berman MLP Income Fund Inc.,9.15,$517.4M,2013,n/a,n/a,http://www.nasdaq.com/symbol/nml
NBO,Neuberger Berman New York Intermediate Municipal Fund Inc.,12.38,$62.85M,2002,n/a,n/a,http://www.nasdaq.com/symbol/nbo
NRO,"Neuberger Berman Real Estate Securities Income Fund, Inc.",5.105,$284.8M,2003,n/a,n/a,http://www.nasdaq.com/symbol/nro
UWN,"Nevada Gold & Casinos, Inc.",1.71,$30.44M,n/a,Consumer Services,Services-Misc. Amusement & Recreation,http://www.nasdaq.com/symbol/uwn
NSU,Nevsun Resources Ltd,3.14,$945.23M,n/a,Basic Industries,Precious Metals,http://www.nasdaq.com/symbol/nsu
GBR,"New Concept Energy, Inc",2.27,$4.42M,n/a,Energy,Oil & Gas Production,http://www.nasdaq.com/symbol/gbr
NEN,New England Realty Associates Limited Partnership,61.5,$230.46M,n/a,Consumer Services,Building operators,http://www.nasdaq.com/symbol/nen
NGD,New Gold Inc.,3.53,$1.81B,n/a,Basic Industries,Precious Metals,http://www.nasdaq.com/symbol/ngd
HLTH,Nobilis Health Corp.,2.2,$170.78M,2015,Health Care,Hospital/Nursing Management,http://www.nasdaq.com/symbol/hlth
NSAT,Norsat International Inc.,7.65,$44.74M,n/a,Capital Goods,Industrial Machinery/Components,http://www.nasdaq.com/symbol/nsat
NAK,"Northern Dynasty Minerals, Ltd.",1.19,$315.05M,n/a,Basic Industries,Precious Metals,http://www.nasdaq.com/symbol/nak
NOG,"Northern Oil and Gas, Inc.",2.25,$141.82M,n/a,Energy,Oil & Gas Production,http://www.nasdaq.com/symbol/nog
NBY,"NovaBay Pharmaceuticals, Inc.",3.9,$59.03M,2007,Health Care,Major Pharmaceuticals,http://www.nasdaq.com/symbol/nby
NG,Novagold Resources Inc.,4.55,$1.46B,n/a,Basic Industries,Precious Metals,http://www.nasdaq.com/symbol/ng
NTN,"NTN Buzztime, Inc.",10.65,$24.08M,n/a,Consumer Services,Broadcasting,http://www.nasdaq.com/symbol/ntn
CFD,Nuveen Diversified Commodity Fund,9.2249,$83.46M,1998,n/a,n/a,http://www.nasdaq.com/symbol/cfd
CTF,Nuveen Long/Short Commodity Total Return Fund,13.05,$213.31M,n/a,n/a,n/a,http://www.nasdaq.com/symbol/ctf
NJV,Nuveen New Jersey Municipal Value Fund,14.97,$23.21M,n/a,n/a,n/a,http://www.nasdaq.com/symbol/njv
NPN,Nuveen Pennsylvania Municipal Value Fund,15.57,$18.99M,2009,n/a,n/a,http://www.nasdaq.com/symbol/npn
OCX,OncoCyte Corporation,6.195,$177.85M,2015,Health Care,Biotechnology: In Vitro & In Vivo Diagnostic Substances,http://www.nasdaq.com/symbol/ocx
OGEN,"Oragenics, Inc.",0.511,$25.1M,n/a,Health Care,Major Pharmaceuticals,http://www.nasdaq.com/symbol/ogen
TIS,Orchids Paper Products Company,25.03,$257.73M,2005,Basic Industries,Paper,http://www.nasdaq.com/symbol/tis
ONP,"Orient Paper, Inc.",1.18,$25.31M,n/a,Consumer Durables,Containers/Packaging,http://www.nasdaq.com/symbol/onp
ORM,"Owens Realty Mortgage, Inc.",17.58,$180.15M,2013,Consumer Services,Real Estate Investment Trusts,http://www.nasdaq.com/symbol/orm
PHF,"Pacholder High Yield Fund, Inc.",7.08,$92.02M,n/a,n/a,n/a,http://www.nasdaq.com/symbol/phf
PCG^A,Pacific Gas & Electric Co.,30.51,n/a,n/a,n/a,n/a,http://www.nasdaq.com/symbol/pcg^a
PCG^B,Pacific Gas & Electric Co.,28.5,n/a,n/a,n/a,n/a,http://www.nasdaq.com/symbol/pcg^b
PCG^C,Pacific Gas & Electric Co.,25.51,n/a,n/a,n/a,n/a,http://www.nasdaq.com/symbol/pcg^c
PCG^D,Pacific Gas & Electric Co.,25.29,n/a,n/a,n/a,n/a,http://www.nasdaq.com/symbol/pcg^d
PCG^E,Pacific Gas & Electric Co.,25.5,n/a,n/a,n/a,n/a,http://www.nasdaq.com/symbol/pcg^e
PCG^G,Pacific Gas & Electric Co.,25.6,n/a,n/a,n/a,n/a,http://www.nasdaq.com/symbol/pcg^g
PCG^H,Pacific Gas & Electric Co.,24.088,n/a,n/a,n/a,n/a,http://www.nasdaq.com/symbol/pcg^h
PCG^I,Pacific Gas & Electric Co.,23.872,n/a,n/a,n/a,n/a,http://www.nasdaq.com/symbol/pcg^i
PTN,"Palatin Technologies, Inc.",0.56,$60.5M,n/a,Health Care,Major Pharmaceuticals,http://www.nasdaq.com/symbol/ptn
PARR,"Par Pacific Holdings, Inc.",14.82,$674.4M,n/a,Energy,Oil & Gas Production,http://www.nasdaq.com/symbol/parr
PZG,Paramount Gold Nevada Corp.,1.57,$24.63M,2015,Basic Industries,Precious Metals,http://www.nasdaq.com/symbol/pzg
TEUM,Pareteum Corporation,0.1104,$19.88M,n/a,Technology,EDP Services,http://www.nasdaq.com/symbol/teum
PRK,Park National Corporation,111.23,$1.71B,n/a,Finance,Major Banks,http://www.nasdaq.com/symbol/prk
PED,Pedevco Corp.,0.1332,$6.64M,n/a,Energy,Oil & Gas Production,http://www.nasdaq.com/symbol/ped
PFNX,Pfenex Inc.,8.78,$205.61M,2014,Health Care,Major Pharmaceuticals,http://www.nasdaq.com/symbol/pfnx
PIP,"PharmAthene, Inc",3.1,$206.86M,n/a,Health Care,Major Pharmaceuticals,http://www.nasdaq.com/symbol/pip
HNW,Pioneer Diversified High Income Trust,15.77,$131.41M,2007,n/a,n/a,http://www.nasdaq.com/symbol/hnw
PLG,Platinum Group Metals Ltd.,1.74,$196.28M,n/a,Basic Industries,Precious Metals,http://www.nasdaq.com/symbol/plg
PLM,Polymet Mining Corp.,0.8719,$277.2M,n/a,Basic Industries,Precious Metals,http://www.nasdaq.com/symbol/plm
PW,Power REIT,7.973,$14.23M,n/a,Consumer Services,Real Estate Investment Trusts,http://www.nasdaq.com/symbol/pw
PW^A,Power REIT,25.35,n/a,n/a,n/a,n/a,http://www.nasdaq.com/symbol/pw^a
PLX,"Protalix BioTherapeutics, Inc.",0.5595,$55.91M,n/a,Health Care,Biotechnology: Biological Products (No Diagnostic Substances),http://www.nasdaq.com/symbol/plx
RLGT,"Radiant Logistics, Inc.",3.63,$177.1M,n/a,Transportation,Oil Refining/Marketing,http://www.nasdaq.com/symbol/rlgt
RLGT^A,"Radiant Logistics, Inc.",24.91,n/a,n/a,n/a,n/a,http://www.nasdaq.com/symbol/rlgt^a
UTG,Reaves Utility Income Fund,29.35,$1.01B,2004,n/a,n/a,http://www.nasdaq.com/symbol/utg
REED,"Reeds, Inc.",4,$55.63M,n/a,Consumer Non-Durables,Beverages (Production/Distribution),http://www.nasdaq.com/symbol/reed
RWC,RELM Wireless Corporation,5.1,$70.15M,n/a,Technology,Radio And Television Broadcasting And Communications Equipment,http://www.nasdaq.com/symbol/rwc
RCG,"RENN Fund, Inc.",1.23,$5.49M,n/a,n/a,n/a,http://www.nasdaq.com/symbol/rcg
RVP,"Retractable Technologies, Inc.",2.45,$72.65M,n/a,Health Care,Medical/Dental Instruments,http://www.nasdaq.com/symbol/rvp
RNN,"Rexahn Pharmaceuticals, Inc.",0.162,$38.45M,n/a,Health Care,Major Pharmaceuticals,http://www.nasdaq.com/symbol/rnn
RIC,"Richmont Mines, Inc.",6.5,$409.26M,n/a,Basic Industries,Precious Metals,http://www.nasdaq.com/symbol/ric
REI,"Ring Energy, Inc.",13.13,$550.37M,n/a,Energy,Oil & Gas Production,http://www.nasdaq.com/symbol/rei
RIF,RMR Real Estate Income Fund,19.5,$149.2M,n/a,n/a,n/a,http://www.nasdaq.com/symbol/rif
SGA,"Saga Communications, Inc.",46,$269.57M,n/a,Consumer Services,Broadcasting,http://www.nasdaq.com/symbol/sga
SSN,Samson Oil & Gas Limited,0.635,$10.21M,n/a,Energy,Oil & Gas Production,http://www.nasdaq.com/symbol/ssn
SPP,Sanchez Production Partners LP,10.9,$144.46M,n/a,Energy,Oil & Gas Production,http://www.nasdaq.com/symbol/spp
SAND          ,Sandstorm Gold Ltd,3.74,$569.39M,n/a,Basic Industries,Precious Metals,http://www.nasdaq.com/symbol/sand
SEB,Seaboard Corporation,4075,$4.77B,1996,Finance,Investment Bankers/Brokers/Service,http://www.nasdaq.com/symbol/seb
SENS,"Senseonics Holdings, Inc.",2.82,$263.36M,n/a,Capital Goods,Industrial Machinery/Components,http://www.nasdaq.com/symbol/sens
SVT,"Servotronics, Inc.",9.17,$22.62M,n/a,Capital Goods,Industrial Machinery/Components,http://www.nasdaq.com/symbol/svt
SIF,"SIFCO Industries, Inc.",11.25,$61.49M,n/a,Capital Goods,Aerospace,http://www.nasdaq.com/symbol/sif
SKY,Skyline Corporation,13.05,$109.51M,n/a,Basic Industries,Homebuilding,http://www.nasdaq.com/symbol/sky
XPL,Solitario Exploration & Royalty Corp,0.7202,$27.9M,n/a,Basic Industries,Precious Metals,http://www.nasdaq.com/symbol/xpl
SCE^B,Southern California Edison Company,22.56,n/a,n/a,n/a,n/a,http://www.nasdaq.com/symbol/sce^b
SCE^C,Southern California Edison Company,23.677,n/a,n/a,n/a,n/a,http://www.nasdaq.com/symbol/sce^c
SCE^D,Southern California Edison Company,23.1308,n/a,n/a,n/a,n/a,http://www.nasdaq.com/symbol/sce^d
SCE^E,Southern California Edison Company,24.84,n/a,n/a,n/a,n/a,http://www.nasdaq.com/symbol/sce^e
SGB,Southwest Georgia Financial Corporation,18,$45M,n/a,Finance,Major Banks,http://www.nasdaq.com/symbol/sgb
LOV,"Spark Networks, Inc.",0.96,$30.6M,n/a,Miscellaneous,Business Services,http://www.nasdaq.com/symbol/lov
STRP,Straight Path Communications Inc.,23.68,$295.13M,2013,Public Utilities,Telecommunications Equipment,http://www.nasdaq.com/symbol/strp
SSY,"SunLink Health Systems, Inc.",1.1,$10.39M,n/a,Health Care,Hospital/Nursing Management,http://www.nasdaq.com/symbol/ssy
SDPI,"Superior Drilling Products, Inc.",1.2,$28.91M,2014,Energy,Metal Fabrications,http://www.nasdaq.com/symbol/sdpi
STS,"Supreme Industries, Inc.",14.32,$244.72M,n/a,Capital Goods,Construction/Ag Equipment/Trucks,http://www.nasdaq.com/symbol/sts
SYRG,Synergy Resources Corporation,9.41,$1.89B,n/a,Energy,Oil & Gas Production,http://www.nasdaq.com/symbol/syrg
SYN,"Synthetic Biologics, Inc",0.76,$89.05M,n/a,Health Care,Major Pharmaceuticals,http://www.nasdaq.com/symbol/syn
TRX,Tanzanian Royalty Exploration Corporation,0.475,$55.26M,n/a,Basic Industries,Precious Metals,http://www.nasdaq.com/symbol/trx
TGB,Taseko Mines Limited,0.6401,$142M,n/a,Basic Industries,Precious Metals,http://www.nasdaq.com/symbol/tgb
TIK,Tel-Instrument Electronics Corp.,4.35,$14.16M,n/a,Capital Goods,Electrical Products,http://www.nasdaq.com/symbol/tik
TGC,"Tengasco, Inc.",0.75,$4.57M,n/a,Energy,Oil & Gas Production,http://www.nasdaq.com/symbol/tgc
GLU,The Gabelli Global Utility and Income Trust,15.98,$65.7M,2004,n/a,n/a,http://www.nasdaq.com/symbol/glu
GLU^A,The Gabelli Global Utility and Income Trust,51.22,n/a,n/a,n/a,n/a,http://www.nasdaq.com/symbol/glu^a
GGO,The Gabelli Go Anywhere Trust,20.4,$122.4M,2016,n/a,n/a,http://www.nasdaq.com/symbol/ggo
GGO^A,The Gabelli Go Anywhere Trust,54,n/a,n/a,n/a,n/a,http://www.nasdaq.com/symbol/ggo^a
TXMD,"TherapeuticsMD, Inc.",5.9,$1.16B,n/a,Health Care,Major Pharmaceuticals,http://www.nasdaq.com/symbol/txmd
TGD,Timmons Gold Corp,0.33,$117.36M,2011,Basic Industries,Precious Metals,http://www.nasdaq.com/symbol/tgd
TMP,Tompkins Financial Corporation,86.73,$1.31B,n/a,Finance,Major Banks,http://www.nasdaq.com/symbol/tmp
TAT,Transatlantic Petroleum Ltd,1.04,$49.1M,n/a,Energy,Oil & Gas Production,http://www.nasdaq.com/symbol/tat
TRXC,"TransEnterix, Inc.",1.46,$167.99M,n/a,Health Care,Medical/Dental Instruments,http://www.nasdaq.com/symbol/trxc
TPLM,Triangle Petroleum Corporation,0.3401,$26.03M,n/a,Energy,Oil & Gas Production,http://www.nasdaq.com/symbol/tplm
TMQ,Trilogy Metals Inc.,0.521,$54.85M,n/a,Basic Industries,Precious Metals,http://www.nasdaq.com/symbol/tmq
TPHS,Trinity Place Holdings Inc.,9.93,$253.15M,n/a,Consumer Services,Building operators,http://www.nasdaq.com/symbol/tphs
TRT,Trio-Tech International,3.54,$12.44M,n/a,Technology,Industrial Machinery/Components,http://www.nasdaq.com/symbol/trt
HTM,U.S. Geothermal Inc.,4.2,$79.31M,n/a,Public Utilities,Electric Utilities: Central,http://www.nasdaq.com/symbol/htm
UFAB,"Unique Fabricating, Inc.",14.01,$136.13M,2015,Capital Goods,Auto Parts:O.E.M.,http://www.nasdaq.com/symbol/ufab
UAMY,United States Antimony Corporation,0.291,$19.46M,n/a,Capital Goods,Metal Fabrications,http://www.nasdaq.com/symbol/uamy
UUU,"Universal Security Instruments, Inc.",3.6,$8.33M,n/a,Consumer Non-Durables,Electronic Components,http://www.nasdaq.com/symbol/uuu
UQM,UQM TECHNOLOGIES INC,0.485,$23.54M,n/a,Capital Goods,Industrial Machinery/Components,http://www.nasdaq.com/symbol/uqm
URG,Ur Energy Inc,0.475,$68.21M,n/a,Basic Industries,Precious Metals,http://www.nasdaq.com/symbol/urg
UEC,Uranium Energy Corp.,0.8866,$104.08M,n/a,Basic Industries,Precious Metals,http://www.nasdaq.com/symbol/uec
VSR,"Versar, Inc.",1.39,$13.75M,1986,Consumer Services,Military/Government/Technical,http://www.nasdaq.com/symbol/vsr
VII,"Vicon Industries, Inc.",0.64,$5.98M,n/a,Consumer Durables,Telecommunications Equipment,http://www.nasdaq.com/symbol/vii
VHC,VirnetX Holding Corp,3.1,$175.74M,n/a,Miscellaneous,Multi-Sector Companies,http://www.nasdaq.com/symbol/vhc
VGZ,Vista Gold Corporation,0.86,$84.1M,n/a,Basic Industries,Precious Metals,http://www.nasdaq.com/symbol/vgz
VNRX,VolitionRX Limited,4.17,$108.81M,2015,Health Care,Biotechnology: In Vitro & In Vivo Diagnostic Substances,http://www.nasdaq.com/symbol/vnrx
VISI,"Volt Information Sciences, Inc.",5.85,$122.23M,n/a,Technology,Professional Services,http://www.nasdaq.com/symbol/visi
EAD,Wells Fargo Income Opportunities Fund,8.04,$570.7M,2003,n/a,n/a,http://www.nasdaq.com/symbol/ead
ERC,Wells Fargo Multi-Sector Income Fund,12.38,$520.19M,2003,n/a,n/a,http://www.nasdaq.com/symbol/erc
ERH,Wells Fargo Utilities and High Income Fund,11.79,$108.96M,2004,n/a,n/a,http://www.nasdaq.com/symbol/erh
SBI,Western Asset Intermediate Muni Fund Inc,9.38,$132.04M,1992,n/a,n/a,http://www.nasdaq.com/symbol/sbi
WRN,Western Copper and Gold Corporation,0.9059,$85.56M,2011,Basic Industries,Precious Metals,http://www.nasdaq.com/symbol/wrn
WYY,WidePoint Corporation,0.698,$57.75M,n/a,Technology,EDP Services,http://www.nasdaq.com/symbol/wyy
WTT,"Wireless Telecom Group,  Inc.",1.64,$30.7M,n/a,Capital Goods,Electrical Products,http://www.nasdaq.com/symbol/wtt
XTNT,"Xtant Medical Holdings, Inc.",0.516,$8.9M,n/a,Health Care,Biotechnology: Biological Products (No Diagnostic Substances),http://www.nasdaq.com/symbol/xtnt
YUMA,"Yuma Energy, Inc.",3.9,$47.58M,n/a,Energy,Oil & Gas Production,http://www.nasdaq.com/symbol/yuma
ZDGE,"Zedge, Inc.",3.6,$35.69M,2016,Technology,Computer Software: Prepackaged Software,http://www.nasdaq.com/symbol/zdge